"item","detail"
"http://www.wikidata.org/entity/Q561283","bladder cancer"
"http://www.wikidata.org/entity/Q710427","asphyxia"
"http://www.wikidata.org/entity/Q770625","cancer"
"http://www.wikidata.org/entity/Q930286","heart failure"
"http://www.wikidata.org/entity/Q1115404","cancer"
"http://www.wikidata.org/entity/Q433471","cerebrovascular disease"
"http://www.wikidata.org/entity/Q381238","exsanguination"
"http://www.wikidata.org/entity/Q449536","lung cancer"
"http://www.wikidata.org/entity/Q1743855","heart failure"
"http://www.wikidata.org/entity/Q1863438","cancer"
"http://www.wikidata.org/entity/Q2455247","asphyxia"
"http://www.wikidata.org/entity/Q2595809","lung cancer"
"http://www.wikidata.org/entity/Q6209452","bladder cancer"
"http://www.wikidata.org/entity/Q7346973","asphyxia"
"http://www.wikidata.org/entity/Q1711718","Phthisis"
"http://www.wikidata.org/entity/Q2591295","Merkel cell carcinoma"
"http://www.wikidata.org/entity/Q380395","tuberculosis"
"http://www.wikidata.org/entity/Q433471","stroke"
"http://www.wikidata.org/entity/Q460922","stroke"
"http://www.wikidata.org/entity/Q379956","cyanide poisoning"
"http://www.wikidata.org/entity/Q1374536","arsenic poisoning"
"http://www.wikidata.org/entity/Q421775","plague"
"http://www.wikidata.org/entity/Q5406329","stroke"
"http://www.wikidata.org/entity/Q6867898","illness"
"http://www.wikidata.org/entity/Q980087","car collision"
"http://www.wikidata.org/entity/Q6873565","falling"
"http://www.wikidata.org/entity/Q593879","surgical complications"
"http://www.wikidata.org/entity/Q703660","surgical complications"
"http://www.wikidata.org/entity/Q2638519","typhoid fever"
"http://www.wikidata.org/entity/Q3351266","aneurysm"
"http://www.wikidata.org/entity/Q4661858","liver cancer"
"http://www.wikidata.org/entity/Q5134058","liver cancer"
"http://www.wikidata.org/entity/Q6780418","typhoid fever"
"http://www.wikidata.org/entity/Q1230528","aortic aneurysm"
"http://www.wikidata.org/entity/Q724860","prostate cancer"
"http://www.wikidata.org/entity/Q355566","Patat√∫s (heatstroke, heart attack) from the installation Naco Modern"
"http://www.wikidata.org/entity/Q1896384","obstetric labor complication"
"http://www.wikidata.org/entity/Q8018669","traffic collision"
"http://www.wikidata.org/entity/Q711906","hepatitis"
"http://www.wikidata.org/entity/Q471147","smoke inhalation injury"
"http://www.wikidata.org/entity/Q2741987","myocardial infarction"
"http://www.wikidata.org/entity/Q7086910","myocardial infarction"
"http://www.wikidata.org/entity/Q541671","pneumonia"
"http://www.wikidata.org/entity/Q918620","pneumonia"
"http://www.wikidata.org/entity/Q618237","smallpox"
"http://www.wikidata.org/entity/Q952233","death from AIDS-related complications"
"http://www.wikidata.org/entity/Q2831132","smallpox"
"http://www.wikidata.org/entity/Q6153595","pneumonia"
"http://www.wikidata.org/entity/Q6989468","pneumonia"
"http://www.wikidata.org/entity/Q541831","ovarian cancer"
"http://www.wikidata.org/entity/Q2216478","kidney failure"
"http://www.wikidata.org/entity/Q154448","cancer"
"http://www.wikidata.org/entity/Q116418","disease"
"http://www.wikidata.org/entity/Q265131","cancer"
"http://www.wikidata.org/entity/Q365304","asphyxia"
"http://www.wikidata.org/entity/Q453883","heart failure"
"http://www.wikidata.org/entity/Q555224","cancer"
"http://www.wikidata.org/entity/Q323505","kidney disease"
"http://www.wikidata.org/entity/Q720832","cancer"
"http://www.wikidata.org/entity/Q279088","cerebrovascular disease"
"http://www.wikidata.org/entity/Q1147721","cancer"
"http://www.wikidata.org/entity/Q732468","exsanguination"
"http://www.wikidata.org/entity/Q652548","lung cancer"
"http://www.wikidata.org/entity/Q238364","Parkinson's disease"
"http://www.wikidata.org/entity/Q156736","Alzheimer's disease"
"http://www.wikidata.org/entity/Q320327","Alzheimer's disease"
"http://www.wikidata.org/entity/Q218960","tuberculosis"
"http://www.wikidata.org/entity/Q442844","cholera"
"http://www.wikidata.org/entity/Q482193","tuberculosis"
"http://www.wikidata.org/entity/Q153104","stroke"
"http://www.wikidata.org/entity/Q242130","fall"
"http://www.wikidata.org/entity/Q1699205","tuberculosis"
"http://www.wikidata.org/entity/Q544899","respiratory failure"
"http://www.wikidata.org/entity/Q2038439","tuberculosis"
"http://www.wikidata.org/entity/Q2871088","tuberculosis"
"http://www.wikidata.org/entity/Q120993","poisoning"
"http://www.wikidata.org/entity/Q325568","meningitis"
"http://www.wikidata.org/entity/Q250293","lymphoma"
"http://www.wikidata.org/entity/Q3741711","poison"
"http://www.wikidata.org/entity/Q212476","dysentery"
"http://www.wikidata.org/entity/Q212476","malaria"
"http://www.wikidata.org/entity/Q369521","leishmaniasis"
"http://www.wikidata.org/entity/Q850329","liver cirrhosis"
"http://www.wikidata.org/entity/Q120993","tuberculous meningitis"
"http://www.wikidata.org/entity/Q25711728","influenza"
"http://www.wikidata.org/entity/Q130777","prostate cancer"
"http://www.wikidata.org/entity/Q664268","traffic collision"
"http://www.wikidata.org/entity/Q152797","horse fall"
"http://www.wikidata.org/entity/Q184212","osteoarticular tuberculosis"
"http://www.wikidata.org/entity/Q3056824","cerebral hemorrhage"
"http://www.wikidata.org/entity/Q152176","myocardial infarction"
"http://www.wikidata.org/entity/Q154335","myocardial infarction"
"http://www.wikidata.org/entity/Q310025","myocardial infarction"
"http://www.wikidata.org/entity/Q315015","myocardial infarction"
"http://www.wikidata.org/entity/Q233088","cardiac arrest"
"http://www.wikidata.org/entity/Q2061583","myocardial infarction"
"http://www.wikidata.org/entity/Q2642427","CaVe"
"http://www.wikidata.org/entity/Q22236550","traffic collision"
"http://www.wikidata.org/entity/Q5599","heart failure"
"http://www.wikidata.org/entity/Q5597","heart failure"
"http://www.wikidata.org/entity/Q944962","pneumonia"
"http://www.wikidata.org/entity/Q981304","pneumonia"
"http://www.wikidata.org/entity/Q2762575","pneumonia"
"http://www.wikidata.org/entity/Q3502230","pneumonia"
"http://www.wikidata.org/entity/Q1353482","atherosclerosis"
"http://www.wikidata.org/entity/Q3394913","atherosclerosis"
"http://www.wikidata.org/entity/Q5679","sepsis"
"http://www.wikidata.org/entity/Q41402","stroke"
"http://www.wikidata.org/entity/Q440922","arteriosclerosis"
"http://www.wikidata.org/entity/Q44007","scleroderma"
"http://www.wikidata.org/entity/Q893716","kidney failure"
"http://www.wikidata.org/entity/Q47551","plague"
"http://www.wikidata.org/entity/Q25591768","myocardial infarction"
"http://www.wikidata.org/entity/Q1402","edema"
"http://www.wikidata.org/entity/Q107647521","aviation accident"
"http://www.wikidata.org/entity/Q5879","myocardial infarction"
"http://www.wikidata.org/entity/Q7742","gangrene"
"http://www.wikidata.org/entity/Q9711","gangrene"
"http://www.wikidata.org/entity/Q7732","decapitation"
"http://www.wikidata.org/entity/Q133855","1918-1920 flu pandemic"
"http://www.wikidata.org/entity/Q121903","cancer"
"http://www.wikidata.org/entity/Q7738","smallpox"
"http://www.wikidata.org/entity/Q192720","cancer"
"http://www.wikidata.org/entity/Q217434","pancreatic cancer"
"http://www.wikidata.org/entity/Q271884","pulmonary emphysema"
"http://www.wikidata.org/entity/Q233207","disease"
"http://www.wikidata.org/entity/Q367973","cancer"
"http://www.wikidata.org/entity/Q469449","cancer"
"http://www.wikidata.org/entity/Q560792","disease"
"http://www.wikidata.org/entity/Q627132","disease"
"http://www.wikidata.org/entity/Q203371","epidemic"
"http://www.wikidata.org/entity/Q154782","lung cancer"
"http://www.wikidata.org/entity/Q1948749","1918-1920 flu pandemic"
"http://www.wikidata.org/entity/Q1263693","lung cancer"
"http://www.wikidata.org/entity/Q132305","Alzheimer's disease"
"http://www.wikidata.org/entity/Q4889934","cancer"
"http://www.wikidata.org/entity/Q4964433","pancreatic cancer"
"http://www.wikidata.org/entity/Q5942577","pancreatic cancer"
"http://www.wikidata.org/entity/Q6749504","cancer"
"http://www.wikidata.org/entity/Q7317496","disease"
"http://www.wikidata.org/entity/Q134741","sepsis"
"http://www.wikidata.org/entity/Q347699","sepsis"
"http://www.wikidata.org/entity/Q76718","tuberculosis"
"http://www.wikidata.org/entity/Q152233","tuberculosis"
"http://www.wikidata.org/entity/Q166585","tuberculosis"
"http://www.wikidata.org/entity/Q188965","tuberculosis"
"http://www.wikidata.org/entity/Q223274","tuberculosis"
"http://www.wikidata.org/entity/Q363823","cholera"
"http://www.wikidata.org/entity/Q639413","tuberculosis"
"http://www.wikidata.org/entity/Q83155","stroke"
"http://www.wikidata.org/entity/Q123806","fall"
"http://www.wikidata.org/entity/Q126506","stroke"
"http://www.wikidata.org/entity/Q12044185","cancer"
"http://www.wikidata.org/entity/Q147144","complication"
"http://www.wikidata.org/entity/Q207298","killed in action"
"http://www.wikidata.org/entity/Q151580","cardiovascular disease"
"http://www.wikidata.org/entity/Q155626","cardiovascular disease"
"http://www.wikidata.org/entity/Q732618","typhus"
"http://www.wikidata.org/entity/Q935877","lung disease"
"http://www.wikidata.org/entity/Q79067","respiratory disease"
"http://www.wikidata.org/entity/Q118798","ulcer"
"http://www.wikidata.org/entity/Q253875","puerperal disorders"
"http://www.wikidata.org/entity/Q1948749","influenza"
"http://www.wikidata.org/entity/Q154338","plague"
"http://www.wikidata.org/entity/Q203306","plague"
"http://www.wikidata.org/entity/Q217816","plague"
"http://www.wikidata.org/entity/Q240737","plague"
"http://www.wikidata.org/entity/Q248615","plague"
"http://www.wikidata.org/entity/Q309635","plague"
"http://www.wikidata.org/entity/Q2575649","esophageal cancer"
"http://www.wikidata.org/entity/Q1288135","Bombing of Berlin in World War II"
"http://www.wikidata.org/entity/Q4775574","fall"
"http://www.wikidata.org/entity/Q18526619","cancer"
"http://www.wikidata.org/entity/Q6765943","stroke"
"http://www.wikidata.org/entity/Q22235729","heart failure"
"http://www.wikidata.org/entity/Q77107","syphilis"
"http://www.wikidata.org/entity/Q68476","edema"
"http://www.wikidata.org/entity/Q277738","edema"
"http://www.wikidata.org/entity/Q336028","syphilis"
"http://www.wikidata.org/entity/Q164823","death by burning"
"http://www.wikidata.org/entity/Q356537","aneurysm"
"http://www.wikidata.org/entity/Q380723","drowning"
"http://www.wikidata.org/entity/Q585067","typhoid fever"
"http://www.wikidata.org/entity/Q13533356","esophageal cancer"
"http://www.wikidata.org/entity/Q2282231","drowning"
"http://www.wikidata.org/entity/Q15063118","tuberculosis"
"http://www.wikidata.org/entity/Q2980574","typhoid fever"
"http://www.wikidata.org/entity/Q4890128","drowning"
"http://www.wikidata.org/entity/Q18636937","tuberculosis"
"http://www.wikidata.org/entity/Q6225341","edema"
"http://www.wikidata.org/entity/Q60809","Covid 19"
"http://www.wikidata.org/entity/Q22019204","tuberculosis"
"http://www.wikidata.org/entity/Q299662","breast cancer"
"http://www.wikidata.org/entity/Q464044","liver cirrhosis"
"http://www.wikidata.org/entity/Q3592049","malaria"
"http://www.wikidata.org/entity/Q153920","traffic collision"
"http://www.wikidata.org/entity/Q156272","traffic collision"
"http://www.wikidata.org/entity/Q102711","prostate cancer"
"http://www.wikidata.org/entity/Q1390942","drug overdose"
"http://www.wikidata.org/entity/Q2179910","prostate cancer"
"http://www.wikidata.org/entity/Q2938914","cerebral hemorrhage"
"http://www.wikidata.org/entity/Q7341977","prostate cancer"
"http://www.wikidata.org/entity/Q7820472","traffic collision"
"http://www.wikidata.org/entity/Q7411777","diabetes"
"http://www.wikidata.org/entity/Q22001644","heart disease"
"http://www.wikidata.org/entity/Q83158","myocardial infarction"
"http://www.wikidata.org/entity/Q154340","myocardial infarction"
"http://www.wikidata.org/entity/Q159409","myocardial infarction"
"http://www.wikidata.org/entity/Q164358","myocardial infarction"
"http://www.wikidata.org/entity/Q188176","myocardial infarction"
"http://www.wikidata.org/entity/Q162038","diphtheria"
"http://www.wikidata.org/entity/Q289441","myocardial infarction"
"http://www.wikidata.org/entity/Q334001","myocardial infarction"
"http://www.wikidata.org/entity/Q257113","amyotrophic lateral sclerosis"
"http://www.wikidata.org/entity/Q551899","myocardial infarction"
"http://www.wikidata.org/entity/Q700094","pulmonary embolism"
"http://www.wikidata.org/entity/Q972080","myocardial infarction"
"http://www.wikidata.org/entity/Q1209700","myocardial infarction"
"http://www.wikidata.org/entity/Q4805366","amyotrophic lateral sclerosis"
"http://www.wikidata.org/entity/Q5392935","myocardial infarction"
"http://www.wikidata.org/entity/Q134942","pneumonia"
"http://www.wikidata.org/entity/Q151679","pneumonia"
"http://www.wikidata.org/entity/Q157610","pneumonia"
"http://www.wikidata.org/entity/Q692","http://www.wikidata.org/.well-known/genid/0167572262f40f7a35d4ca3061c49aa1"
"http://www.wikidata.org/entity/Q16867","http://www.wikidata.org/.well-known/genid/3224ee5b5a9edfa89c05c4364696eb34"
"http://www.wikidata.org/entity/Q7836","pancreatic cancer"
"http://www.wikidata.org/entity/Q44032","1918-1920 flu pandemic"
"http://www.wikidata.org/entity/Q33978","cancer"
"http://www.wikidata.org/entity/Q76483","leukemia"
"http://www.wikidata.org/entity/Q982284","pneumonia"
"http://www.wikidata.org/entity/Q186748","nephritis"
"http://www.wikidata.org/entity/Q220074","nephritis"
"http://www.wikidata.org/entity/Q46139","infectious disease"
"http://www.wikidata.org/entity/Q296","lung cancer"
"http://www.wikidata.org/entity/Q527001","kidney cancer"
"http://www.wikidata.org/entity/Q1288359","death from AIDS-related complications"
"http://www.wikidata.org/entity/Q2708628","leukemia"
"http://www.wikidata.org/entity/Q3436177","ballistic trauma"
"http://www.wikidata.org/entity/Q6525174","nephritis"
"http://www.wikidata.org/entity/Q59645480","car collision"
"http://www.wikidata.org/entity/Q687","tuberculosis"
"http://www.wikidata.org/entity/Q33477","tuberculosis"
"http://www.wikidata.org/entity/Q79759","kidney failure"
"http://www.wikidata.org/entity/Q214957","yellow fever"
"http://www.wikidata.org/entity/Q151152","kidney failure"
"http://www.wikidata.org/entity/Q25973","stroke"
"http://www.wikidata.org/entity/Q62249","stroke"
"http://www.wikidata.org/entity/Q236236","kidney failure"
"http://www.wikidata.org/entity/Q44054","killed in action"
"http://www.wikidata.org/entity/Q5571","plague"
"http://www.wikidata.org/entity/Q62091768","drowning"
"http://www.wikidata.org/entity/Q6288081","yellow fever"
"http://www.wikidata.org/entity/Q7409275","kidney failure"
"http://www.wikidata.org/entity/Q30875","meningitis"
"http://www.wikidata.org/entity/Q6882","peritonitis"
"http://www.wikidata.org/entity/Q1067","malaria"
"http://www.wikidata.org/entity/Q34618","liver cirrhosis"
"http://www.wikidata.org/entity/Q108691655","heart failure"
"http://www.wikidata.org/entity/Q45055","prostate cancer"
"http://www.wikidata.org/entity/Q57386","drug overdose"
"http://www.wikidata.org/entity/Q5589","myocardial infarction"
"http://www.wikidata.org/entity/Q5682","type 2 diabetes"
"http://www.wikidata.org/entity/Q23380","pneumonia"
"http://www.wikidata.org/entity/Q39931","pneumonia"
"http://www.wikidata.org/entity/Q165648","hanging"
"http://www.wikidata.org/entity/Q168704","pulmonary emphysema"
"http://www.wikidata.org/entity/Q168587","cancer"
"http://www.wikidata.org/entity/Q325489","cancer"
"http://www.wikidata.org/entity/Q442628","heart failure"
"http://www.wikidata.org/entity/Q469063","hanging"
"http://www.wikidata.org/entity/Q428550","cancer"
"http://www.wikidata.org/entity/Q323885","cerebrovascular disease"
"http://www.wikidata.org/entity/Q498211","cerebrovascular disease"
"http://www.wikidata.org/entity/Q373689","lung cancer"
"http://www.wikidata.org/entity/Q551426","lung cancer"
"http://www.wikidata.org/entity/Q1428167","hypothermia"
"http://www.wikidata.org/entity/Q948332","execution"
"http://www.wikidata.org/entity/Q1906150","cancer"
"http://www.wikidata.org/entity/Q1012900","lung cancer"
"http://www.wikidata.org/entity/Q2731236","heart failure"
"http://www.wikidata.org/entity/Q2551765","lung cancer"
"http://www.wikidata.org/entity/Q5171468","disease"
"http://www.wikidata.org/entity/Q5677520","cancer"
"http://www.wikidata.org/entity/Q2581047","Parkinson's disease"
"http://www.wikidata.org/entity/Q577242","COVID-19"
"http://www.wikidata.org/entity/Q544508","tuberculosis"
"http://www.wikidata.org/entity/Q586877","tuberculosis"
"http://www.wikidata.org/entity/Q5593","pulmonary edema"
"http://www.wikidata.org/entity/Q982041","tuberculosis"
"http://www.wikidata.org/entity/Q180727","stroke"
"http://www.wikidata.org/entity/Q1362457","tuberculosis"
"http://www.wikidata.org/entity/Q1371063","tuberculosis"
"http://www.wikidata.org/entity/Q604340","stroke"
"http://www.wikidata.org/entity/Q804835","stroke"
"http://www.wikidata.org/entity/Q280851","plague"
"http://www.wikidata.org/entity/Q372203","plague"
"http://www.wikidata.org/entity/Q179680","syphilis"
"http://www.wikidata.org/entity/Q213703","peritonitis"
"http://www.wikidata.org/entity/Q175130","laryngeal cancer"
"http://www.wikidata.org/entity/Q216980","laryngeal cancer"
"http://www.wikidata.org/entity/Q510472","drowning"
"http://www.wikidata.org/entity/Q527599","drowning"
"http://www.wikidata.org/entity/Q1251247","liver cancer"
"http://www.wikidata.org/entity/Q140412","stomach cancer"
"http://www.wikidata.org/entity/Q458734","breast cancer"
"http://www.wikidata.org/entity/Q1342683","intracranial aneurysm"
"http://www.wikidata.org/entity/Q380494","diabetes"
"http://www.wikidata.org/entity/Q5298564","traffic collision"
"http://www.wikidata.org/entity/Q5379559","traffic collision"
"http://www.wikidata.org/entity/Q164683","myocardial infarction"
"http://www.wikidata.org/entity/Q171128","myocardial infarction"
"http://www.wikidata.org/entity/Q216582","myocardial infarction"
"http://www.wikidata.org/entity/Q234370","pulmonary embolism"
"http://www.wikidata.org/entity/Q472756","myocardial infarction"
"http://www.wikidata.org/entity/Q736862","myocardial infarction"
"http://www.wikidata.org/entity/Q942472","myocardial infarction"
"http://www.wikidata.org/entity/Q1347418","myocardial infarction"
"http://www.wikidata.org/entity/Q191023","pneumonia"
"http://www.wikidata.org/entity/Q44403","lead poisoning"
"http://www.wikidata.org/entity/Q5593","heart failure"
"http://www.wikidata.org/entity/Q2054","exsanguination"
"http://www.wikidata.org/entity/Q2959122","pneumonia"
"http://www.wikidata.org/entity/Q5345296","bronchitis"
"http://www.wikidata.org/entity/Q5539521","pneumonia"
"http://www.wikidata.org/entity/Q34661","stroke"
"http://www.wikidata.org/entity/Q46373","stroke"
"http://www.wikidata.org/entity/Q46373","aneurysm"
"http://www.wikidata.org/entity/Q742","liver cancer"
"http://www.wikidata.org/entity/Q37571","traffic collision"
"http://www.wikidata.org/entity/Q762","cerebral hemorrhage"
"http://www.wikidata.org/entity/Q5577","cardiac arrest"
"http://www.wikidata.org/entity/Q1541","decapitation"
"http://www.wikidata.org/entity/Q535","pneumonia"
"http://www.wikidata.org/entity/Q38082","pneumonia"
"http://www.wikidata.org/entity/Q76414","pancreatic cancer"
"http://www.wikidata.org/entity/Q337630","heart failure"
"http://www.wikidata.org/entity/Q365682","cancer"
"http://www.wikidata.org/entity/Q328341","aviation accident"
"http://www.wikidata.org/entity/Q466946","heart failure"
"http://www.wikidata.org/entity/Q449670","cancer"
"http://www.wikidata.org/entity/Q541859","cancer"
"http://www.wikidata.org/entity/Q538998","disease"
"http://www.wikidata.org/entity/Q5582","ballistic trauma"
"http://www.wikidata.org/entity/Q45205","internal bleeding"
"http://www.wikidata.org/entity/Q1554875","cancer"
"http://www.wikidata.org/entity/Q685186","lung cancer"
"http://www.wikidata.org/entity/Q2131415","cancer"
"http://www.wikidata.org/entity/Q2581132","hanging"
"http://www.wikidata.org/entity/Q3817219","cancer"
"http://www.wikidata.org/entity/Q5354250","heart failure"
"http://www.wikidata.org/entity/Q5553319","cancer"
"http://www.wikidata.org/entity/Q5372719","Alzheimer's disease"
"http://www.wikidata.org/entity/Q183221","tuberculosis"
"http://www.wikidata.org/entity/Q200798","cholera"
"http://www.wikidata.org/entity/Q209050","cholera"
"http://www.wikidata.org/entity/Q355406","tuberculosis"
"http://www.wikidata.org/entity/Q380275","tuberculosis"
"http://www.wikidata.org/entity/Q718882","tuberculosis"
"http://www.wikidata.org/entity/Q980318","tuberculosis"
"http://www.wikidata.org/entity/Q169281","respiratory failure"
"http://www.wikidata.org/entity/Q695853","stroke"
"http://www.wikidata.org/entity/Q379923","apoplexy"
"http://www.wikidata.org/entity/Q2703817","cholera"
"http://www.wikidata.org/entity/Q576385","falling"
"http://www.wikidata.org/entity/Q6144220","tuberculosis"
"http://www.wikidata.org/entity/Q8017370","tuberculosis"
"http://www.wikidata.org/entity/Q19666172","lung cancer"
"http://www.wikidata.org/entity/Q82445","syphilis"
"http://www.wikidata.org/entity/Q168659","typhoid fever"
"http://www.wikidata.org/entity/Q172048","drowning"
"http://www.wikidata.org/entity/Q537002","aneurysm"
"http://www.wikidata.org/entity/Q560787","peritonitis"
"http://www.wikidata.org/entity/Q335011","electrocution"
"http://www.wikidata.org/entity/Q1381971","drowning"
"http://www.wikidata.org/entity/Q1984917","liver cancer"
"http://www.wikidata.org/entity/Q491039","surgical complications"
"http://www.wikidata.org/entity/Q108152045","amyotrophic lateral sclerosis"
"http://www.wikidata.org/entity/Q16858302","foodborne illness"
"http://www.wikidata.org/entity/Q6074722","liver cancer"
"http://www.wikidata.org/entity/Q21403116","typhus"
"http://www.wikidata.org/entity/Q160141","stomach cancer"
"http://www.wikidata.org/entity/Q469957","breast cancer"
"http://www.wikidata.org/entity/Q5553973","breast cancer"
"http://www.wikidata.org/entity/Q21068920","drowning"
"http://www.wikidata.org/entity/Q164047","prostate cancer"
"http://www.wikidata.org/entity/Q267858","prostate cancer"
"http://www.wikidata.org/entity/Q325185","prostate cancer"
"http://www.wikidata.org/entity/Q459937","fever"
"http://www.wikidata.org/entity/Q187310","cerebral hemorrhage"
"http://www.wikidata.org/entity/Q951010","traffic collision"
"http://www.wikidata.org/entity/Q6990735","prostate cancer"
"http://www.wikidata.org/entity/Q18336552","adrenal gland cancer"
"http://www.wikidata.org/entity/Q21072290","dementia"
"http://www.wikidata.org/entity/Q151836","myocardial infarction"
"http://www.wikidata.org/entity/Q156386","gangrene"
"http://www.wikidata.org/entity/Q642513","myocardial infarction"
"http://www.wikidata.org/entity/Q352954","explosion of the powder magazine in Delft"
"http://www.wikidata.org/entity/Q1151763","myocardial infarction"
"http://www.wikidata.org/entity/Q932694","decapitation"
"http://www.wikidata.org/entity/Q1387035","myocardial infarction"
"http://www.wikidata.org/entity/Q4976935","myocardial infarction"
"http://www.wikidata.org/entity/Q6383682","myocardial infarction"
"http://www.wikidata.org/entity/Q146691","pneumonia"
"http://www.wikidata.org/entity/Q188172","pneumonia"
"http://www.wikidata.org/entity/Q45205","rheumatoid arthritis"
"http://www.wikidata.org/entity/Q933739","pneumonia"
"http://www.wikidata.org/entity/Q157194","chronic obstructive pulmonary disease"
"http://www.wikidata.org/entity/Q1522057","death from AIDS-related complications"
"http://www.wikidata.org/entity/Q3592147","pneumonia"
"http://www.wikidata.org/entity/Q61064","stroke"
"http://www.wikidata.org/entity/Q33981","killed in action"
"http://www.wikidata.org/entity/Q8459","plague"
"http://www.wikidata.org/entity/Q61601","drowning"
"http://www.wikidata.org/entity/Q43499","dysentery"
"http://www.wikidata.org/entity/Q43444","cerebral hemorrhage"
"http://www.wikidata.org/entity/Q51107","gangrene"
"http://www.wikidata.org/entity/Q905","laryngeal tuberculosis"
"http://www.wikidata.org/entity/Q153965","heart failure"
"http://www.wikidata.org/entity/Q123740","cancer"
"http://www.wikidata.org/entity/Q150471","cancer"
"http://www.wikidata.org/entity/Q167132","cancer"
"http://www.wikidata.org/entity/Q261846","cancer"
"http://www.wikidata.org/entity/Q376062","cancer"
"http://www.wikidata.org/entity/Q316325","disease"
"http://www.wikidata.org/entity/Q882861","cancer"
"http://www.wikidata.org/entity/Q965117","cancer"
"http://www.wikidata.org/entity/Q57280","stab wound"
"http://www.wikidata.org/entity/Q1806120","cancer"
"http://www.wikidata.org/entity/Q440369","struck by vehicle"
"http://www.wikidata.org/entity/Q3018587","cancer"
"http://www.wikidata.org/entity/Q3431662","cancer"
"http://www.wikidata.org/entity/Q346988","Parkinson's disease"
"http://www.wikidata.org/entity/Q3929822","cancer"
"http://www.wikidata.org/entity/Q7325994","cancer"
"http://www.wikidata.org/entity/Q310715","Lyme disease"
"http://www.wikidata.org/entity/Q7789203","cancer"
"http://www.wikidata.org/entity/Q151573","sepsis"
"http://www.wikidata.org/entity/Q1384543","asthma"
"http://www.wikidata.org/entity/Q150471","tuberculosis"
"http://www.wikidata.org/entity/Q272566","tuberculosis"
"http://www.wikidata.org/entity/Q1701415","COVID-19"
"http://www.wikidata.org/entity/Q105320","influenza"
"http://www.wikidata.org/entity/Q1040415","tuberculosis"
"http://www.wikidata.org/entity/Q207960","stroke"
"http://www.wikidata.org/entity/Q295144","stroke"
"http://www.wikidata.org/entity/Q325076","stroke"
"http://www.wikidata.org/entity/Q230673","esophageal cancer"
"http://www.wikidata.org/entity/Q184565","coronary thrombosis"
"http://www.wikidata.org/entity/Q551491","stroke"
"http://www.wikidata.org/entity/Q587078","stroke"
"http://www.wikidata.org/entity/Q607495","stroke"
"http://www.wikidata.org/entity/Q8006794","Alzheimer's disease"
"http://www.wikidata.org/entity/Q2542408","stroke"
"http://www.wikidata.org/entity/Q366562","plague"
"http://www.wikidata.org/entity/Q6255995","typhus"
"http://www.wikidata.org/entity/Q178040","drowning"
"http://www.wikidata.org/entity/Q216999","drowning"
"http://www.wikidata.org/entity/Q711203","drowning"
"http://www.wikidata.org/entity/Q25906541","cancer"
"http://www.wikidata.org/entity/Q2479548","drowning"
"http://www.wikidata.org/entity/Q15428881","tuberculosis"
"http://www.wikidata.org/entity/Q108840371","myocardial infarction"
"http://www.wikidata.org/entity/Q114709","senility"
"http://www.wikidata.org/entity/Q148475","stomach cancer"
"http://www.wikidata.org/entity/Q465126","aortic aneurysm"
"http://www.wikidata.org/entity/Q190568","prostate cancer"
"http://www.wikidata.org/entity/Q156214","bronchopneumonia"
"http://www.wikidata.org/entity/Q75698","myocardial infarction"
"http://www.wikidata.org/entity/Q154260","myocardial infarction"
"http://www.wikidata.org/entity/Q160422","myocardial infarction"
"http://www.wikidata.org/entity/Q433128","myocardial infarction"
"http://www.wikidata.org/entity/Q529591","myocardial infarction"
"http://www.wikidata.org/entity/Q425373","decapitation"
"http://www.wikidata.org/entity/Q1927568","myocardial infarction"
"http://www.wikidata.org/entity/Q3290532","myocardial infarction"
"http://www.wikidata.org/entity/Q151803","pneumonia"
"http://www.wikidata.org/entity/Q313027","pneumonia"
"http://www.wikidata.org/entity/Q438248","pneumonia"
"http://www.wikidata.org/entity/Q743154","pneumonia"
"http://www.wikidata.org/entity/Q47154","exsanguination"
"http://www.wikidata.org/entity/Q7611709","pneumonia"
"http://www.wikidata.org/entity/Q834926","liver disease"
"http://www.wikidata.org/entity/Q48319","plague"
"http://www.wikidata.org/entity/Q17332451","kidney cancer"
"http://www.wikidata.org/entity/Q5604","surgical complications"
"http://www.wikidata.org/entity/Q112266179","brain tumor"
"http://www.wikidata.org/entity/Q4724","myocardial infarction"
"http://www.wikidata.org/entity/Q156890","heart failure"
"http://www.wikidata.org/entity/Q159566","cancer"
"http://www.wikidata.org/entity/Q5603","heart arrhythmia"
"http://www.wikidata.org/entity/Q313899","disease"
"http://www.wikidata.org/entity/Q953717","pancreatic cancer"
"http://www.wikidata.org/entity/Q212426","lung cancer"
"http://www.wikidata.org/entity/Q964391","kidney disease"
"http://www.wikidata.org/entity/Q309618","lung cancer"
"http://www.wikidata.org/entity/Q2698511","disease"
"http://www.wikidata.org/entity/Q3525211","railway accident"
"http://www.wikidata.org/entity/Q3164313","exsanguination"
"http://www.wikidata.org/entity/Q6118434","burn"
"http://www.wikidata.org/entity/Q7341594","cancer"
"http://www.wikidata.org/entity/Q8034382","cancer"
"http://www.wikidata.org/entity/Q5669188","Alzheimer's disease"
"http://www.wikidata.org/entity/Q159758","cholera"
"http://www.wikidata.org/entity/Q551740","tuberculosis"
"http://www.wikidata.org/entity/Q552667","tuberculosis"
"http://www.wikidata.org/entity/Q724140","tuberculosis"
"http://www.wikidata.org/entity/Q117489","intoxication"
"http://www.wikidata.org/entity/Q379022","influenza"
"http://www.wikidata.org/entity/Q1292928","tuberculosis"
"http://www.wikidata.org/entity/Q489437","stroke"
"http://www.wikidata.org/entity/Q325079","esophageal cancer"
"http://www.wikidata.org/entity/Q524252","incarceration"
"http://www.wikidata.org/entity/Q2053900","tuberculosis"
"http://www.wikidata.org/entity/Q464300","puerperal disorders"
"http://www.wikidata.org/entity/Q242308","falling"
"http://www.wikidata.org/entity/Q470551","falling"
"http://www.wikidata.org/entity/Q3101498","cholera"
"http://www.wikidata.org/entity/Q2403504","stroke"
"http://www.wikidata.org/entity/Q364139","plague"
"http://www.wikidata.org/entity/Q700279","plague"
"http://www.wikidata.org/entity/Q3471270","stroke"
"http://www.wikidata.org/entity/Q947075","brain tumor"
"http://www.wikidata.org/entity/Q5560919","tuberculosis"
"http://www.wikidata.org/entity/Q5217239","fall"
"http://www.wikidata.org/entity/Q2886080","plague"
"http://www.wikidata.org/entity/Q8010768","stroke"
"http://www.wikidata.org/entity/Q311480","aneurysm"
"http://www.wikidata.org/entity/Q159606","laryngeal cancer"
"http://www.wikidata.org/entity/Q1059376","drowning"
"http://www.wikidata.org/entity/Q1441399","edema"
"http://www.wikidata.org/entity/Q192062","death from falling from height"
"http://www.wikidata.org/entity/Q191423","malaria"
"http://www.wikidata.org/entity/Q152824","myelodysplastic syndrome"
"http://www.wikidata.org/entity/Q451188","breast cancer"
"http://www.wikidata.org/entity/Q460124","stomach cancer"
"http://www.wikidata.org/entity/Q215457","brain cancer"
"http://www.wikidata.org/entity/Q2405427","brain fever"
"http://www.wikidata.org/entity/Q5083362","heart disease"
"http://www.wikidata.org/entity/Q5125198","stomach cancer"
"http://www.wikidata.org/entity/Q5538104","brain fever"
"http://www.wikidata.org/entity/Q77717","traffic collision"
"http://www.wikidata.org/entity/Q526470","prostate cancer"
"http://www.wikidata.org/entity/Q458288","horse fall"
"http://www.wikidata.org/entity/Q1392667","drug overdose"
"http://www.wikidata.org/entity/Q524252","abuse"
"http://www.wikidata.org/entity/Q102289","myocardial infarction"
"http://www.wikidata.org/entity/Q123454","myocardial infarction"
"http://www.wikidata.org/entity/Q75858","amyotrophic lateral sclerosis"
"http://www.wikidata.org/entity/Q374504","myocardial infarction"
"http://www.wikidata.org/entity/Q662900","myocardial infarction"
"http://www.wikidata.org/entity/Q701952","myocardial infarction"
"http://www.wikidata.org/entity/Q704208","myocardial infarction"
"http://www.wikidata.org/entity/Q736843","myocardial infarction"
"http://www.wikidata.org/entity/Q535581","liver failure"
"http://www.wikidata.org/entity/Q2052021","myocardial infarction"
"http://www.wikidata.org/entity/Q3502694","myocardial infarction"
"http://www.wikidata.org/entity/Q3383534","decapitation"
"http://www.wikidata.org/entity/Q4975372","myocardial infarction"
"http://www.wikidata.org/entity/Q5531163","myocardial infarction"
"http://www.wikidata.org/entity/Q526437","pneumonia"
"http://www.wikidata.org/entity/Q5592","asphyxia"
"http://www.wikidata.org/entity/Q152824","leukemia"
"http://www.wikidata.org/entity/Q160448","leukemia"
"http://www.wikidata.org/entity/Q5827","Black Death"
"http://www.wikidata.org/entity/Q229272","ballistic trauma"
"http://www.wikidata.org/entity/Q706886","death from AIDS-related complications"
"http://www.wikidata.org/entity/Q1148911","ballistic trauma"
"http://www.wikidata.org/entity/Q16063388","myocardial infarction"
"http://www.wikidata.org/entity/Q7841","tuberculosis"
"http://www.wikidata.org/entity/Q9358","neurosyphilis"
"http://www.wikidata.org/entity/Q5592","infection"
"http://www.wikidata.org/entity/Q61073","plague"
"http://www.wikidata.org/entity/Q11703302","kidney failure"
"http://www.wikidata.org/entity/Q37693","syphilis"
"http://www.wikidata.org/entity/Q6711","liver cancer"
"http://www.wikidata.org/entity/Q755","pneumonia"
"http://www.wikidata.org/entity/Q35548","pneumonia"
"http://www.wikidata.org/entity/Q449575","disease"
"http://www.wikidata.org/entity/Q653742","cancer"
"http://www.wikidata.org/entity/Q1283557","disease"
"http://www.wikidata.org/entity/Q1386369","appendectomy"
"http://www.wikidata.org/entity/Q937096","cerebrovascular disease"
"http://www.wikidata.org/entity/Q1749032","disease"
"http://www.wikidata.org/entity/Q2452898","heart failure"
"http://www.wikidata.org/entity/Q2589323","1918-1920 flu pandemic"
"http://www.wikidata.org/entity/Q3073486","pulmonary emphysema"
"http://www.wikidata.org/entity/Q962308","Parkinson's disease"
"http://www.wikidata.org/entity/Q5170723","cancer"
"http://www.wikidata.org/entity/Q5335050","lung cancer"
"http://www.wikidata.org/entity/Q6491348","cancer"
"http://www.wikidata.org/entity/Q6258102","kidney disease"
"http://www.wikidata.org/entity/Q11577112","disease"
"http://www.wikidata.org/entity/Q652723","tuberculosis"
"http://www.wikidata.org/entity/Q705163","tuberculosis"
"http://www.wikidata.org/entity/Q714243","tuberculosis"
"http://www.wikidata.org/entity/Q568262","stroke"
"http://www.wikidata.org/entity/Q705282","typhus"
"http://www.wikidata.org/entity/Q910885","stroke"
"http://www.wikidata.org/entity/Q1693440","stroke"
"http://www.wikidata.org/entity/Q1351247","cardiovascular disease"
"http://www.wikidata.org/entity/Q5232007","COVID-19"
"http://www.wikidata.org/entity/Q982739","plague"
"http://www.wikidata.org/entity/Q4757068","tuberculosis"
"http://www.wikidata.org/entity/Q16019121","pulmonary emphysema"
"http://www.wikidata.org/entity/Q6142414","stroke"
"http://www.wikidata.org/entity/Q16095250","Alzheimer's disease"
"http://www.wikidata.org/entity/Q21176533","hanging"
"http://www.wikidata.org/entity/Q21465404","railway accident"
"http://www.wikidata.org/entity/Q439856","liver cancer"
"http://www.wikidata.org/entity/Q1234248","syphilis"
"http://www.wikidata.org/entity/Q1386369","peritonitis"
"http://www.wikidata.org/entity/Q21498010","tuberculosis"
"http://www.wikidata.org/entity/Q21030483","stroke"
"http://www.wikidata.org/entity/Q461828","stomach cancer"
"http://www.wikidata.org/entity/Q2363100","stomach cancer"
"http://www.wikidata.org/entity/Q3047644","stomach cancer"
"http://www.wikidata.org/entity/Q6195005","stomach cancer"
"http://www.wikidata.org/entity/Q22001648","aneurysm"
"http://www.wikidata.org/entity/Q459041","traffic collision"
"http://www.wikidata.org/entity/Q726169","traffic collision"
"http://www.wikidata.org/entity/Q504395","diabetes"
"http://www.wikidata.org/entity/Q5549494","carbon monoxide poisoning"
"http://www.wikidata.org/entity/Q7086914","bicycle accident"
"http://www.wikidata.org/entity/Q452321","myocardial infarction"
"http://www.wikidata.org/entity/Q983573","myocardial infarction"
"http://www.wikidata.org/entity/Q2676888","myocardial infarction"
"http://www.wikidata.org/entity/Q18733790","diabetes"
"http://www.wikidata.org/entity/Q654201","pneumonia"
"http://www.wikidata.org/entity/Q825177","Air warfare of World War II"
"http://www.wikidata.org/entity/Q4888341","pneumonia"
"http://www.wikidata.org/entity/Q7412449","bronchitis"
"http://www.wikidata.org/entity/Q7436079","death from AIDS-related complications"
"http://www.wikidata.org/entity/Q4888614","yellow fever"
"http://www.wikidata.org/entity/Q21498111","pneumonia"
"http://www.wikidata.org/entity/Q5875922","ruptured aortic aneurysm"
"http://www.wikidata.org/entity/Q66809948","myocardial infarction"
